id,timestamp,value,status,category,accuracy,confidence,performance,anomalyScore,description
ING-0001,2025-01-26T00:00:00Z,45.23,active,Category A,92.5,87.3,78.9,12.4,Normal operational data point
ING-0002,2025-01-26T01:00:00Z,52.87,active,Category B,88.7,91.2,82.1,8.7,Standard processing metrics
ING-0003,2025-01-26T02:00:00Z,38.91,pending,Category C,95.1,85.6,75.3,15.2,Awaiting validation
ING-0004,2025-01-26T03:00:00Z,61.45,completed,Category A,91.3,89.8,88.7,5.6,Successfully processed
ING-0005,2025-01-26T04:00:00Z,47.32,active,Category D,87.9,92.4,79.5,18.9,High confidence reading
ING-0006,2025-01-26T05:00:00Z,55.78,error,Category B,82.4,78.9,71.2,72.3,Anomaly detected - requires review
ING-0007,2025-01-26T06:00:00Z,42.16,active,Category E,94.2,88.1,85.4,9.8,Within normal parameters
ING-0008,2025-01-26T07:00:00Z,59.84,completed,Category C,90.6,93.7,87.9,6.4,Peak performance achieved
ING-0009,2025-01-26T08:00:00Z,36.29,pending,Category A,86.8,81.5,73.8,22.1,Moderate variance observed
ING-0010,2025-01-26T09:00:00Z,64.73,active,Category D,93.4,90.2,84.6,11.3,Stable operation confirmed
ING-0011,2025-01-26T10:00:00Z,49.57,active,Category B,89.1,86.9,80.2,14.7,Consistent performance
ING-0012,2025-01-26T11:00:00Z,53.92,completed,Category E,92.8,94.1,89.3,7.2,Optimal efficiency reached
ING-0013,2025-01-26T12:00:00Z,41.38,pending,Category C,85.5,83.2,76.9,19.8,Pending optimization
ING-0014,2025-01-26T13:00:00Z,58.21,active,Category A,91.7,88.4,83.1,10.5,Standard operational mode
ING-0015,2025-01-26T14:00:00Z,46.85,error,Category D,79.3,75.8,68.4,78.9,Critical anomaly - immediate action required
ING-0016,2025-01-26T15:00:00Z,62.14,completed,Category B,94.6,92.8,88.5,4.9,Excellent performance metrics
ING-0017,2025-01-26T16:00:00Z,37.96,active,Category E,88.2,85.7,78.4,16.3,Minor fluctuations detected
ING-0018,2025-01-26T17:00:00Z,54.68,active,Category C,90.9,89.3,82.7,12.8,Steady state maintained
ING-0019,2025-01-26T18:00:00Z,43.52,pending,Category A,87.4,84.1,77.6,20.4,Awaiting resource allocation
ING-0020,2025-01-26T19:00:00Z,60.39,completed,Category D,93.1,91.5,86.9,8.1,Task completed successfully
ING-0021,2025-01-26T20:00:00Z,48.76,active,Category B,89.8,87.2,81.5,13.9,Normal variance range
ING-0022,2025-01-26T21:00:00Z,56.43,active,Category E,92.3,90.7,85.8,9.2,High accuracy maintained
ING-0023,2025-01-26T22:00:00Z,39.87,pending,Category C,86.1,82.8,75.1,21.7,Processing queue position 3
ING-0024,2025-01-26T23:00:00Z,63.25,completed,Category A,95.2,93.4,89.7,5.3,Best performance today
ING-0025,2025-01-27T00:00:00Z,45.91,active,Category D,88.6,86.3,79.8,15.8,New day baseline established
ING-0026,2025-01-27T01:00:00Z,51.34,error,Category B,81.2,77.6,70.3,75.4,System recalibration needed
ING-0027,2025-01-27T02:00:00Z,40.28,active,Category E,91.4,88.9,83.4,11.6,Recovery mode active
ING-0028,2025-01-27T03:00:00Z,57.82,completed,Category C,93.7,92.1,87.3,6.8,Full recovery achieved
ING-0029,2025-01-27T04:00:00Z,44.16,pending,Category A,85.9,83.5,76.2,23.4,Scheduled maintenance window
ING-0030,2025-01-27T05:00:00Z,61.93,active,Category D,90.3,89.6,84.1,10.9,Post-maintenance verification
ING-0031,2025-01-27T06:00:00Z,47.58,active,Category B,92.7,90.1,85.3,8.4,Optimal parameters restored
ING-0032,2025-01-27T07:00:00Z,55.21,completed,Category E,94.1,91.8,88.2,7.6,Peak efficiency period
ING-0033,2025-01-27T08:00:00Z,38.45,pending,Category C,87.3,84.7,77.9,18.2,Resource optimization pending
ING-0034,2025-01-27T09:00:00Z,62.87,active,Category A,91.9,89.2,83.6,12.1,Stable performance window
ING-0035,2025-01-27T10:00:00Z,46.32,error,Category D,80.5,76.9,69.7,71.8,Unexpected variance detected
ING-0036,2025-01-27T11:00:00Z,53.76,active,Category B,89.4,87.8,82.3,14.3,Auto-correction applied
ING-0037,2025-01-27T12:00:00Z,41.94,completed,Category E,93.2,91.4,86.7,9.7,Correction successful
ING-0038,2025-01-27T13:00:00Z,59.18,active,Category C,90.8,88.5,83.9,11.2,Continued monitoring
ING-0039,2025-01-27T14:00:00Z,44.83,pending,Category A,86.6,83.9,77.4,19.6,Queue optimization active
ING-0040,2025-01-27T15:00:00Z,60.52,completed,Category D,94.5,92.7,88.9,6.1,Excellent throughput achieved
ING-0041,2025-01-27T16:00:00Z,48.27,active,Category B,88.9,86.4,80.7,15.4,Standard deviation acceptable
ING-0042,2025-01-27T17:00:00Z,56.91,active,Category E,92.1,90.3,85.1,10.3,Performance trending upward
ING-0043,2025-01-27T18:00:00Z,39.65,pending,Category C,85.7,82.4,75.8,22.9,Awaiting priority assignment
ING-0044,2025-01-27T19:00:00Z,63.48,completed,Category A,95.3,93.6,89.2,4.7,Record efficiency achieved
ING-0045,2025-01-27T20:00:00Z,45.72,active,Category D,89.2,87.5,81.9,13.5,Evening shift baseline
ING-0046,2025-01-27T21:00:00Z,52.39,error,Category B,82.8,79.3,72.6,68.7,Minor anomaly investigation
ING-0047,2025-01-27T22:00:00Z,40.86,active,Category E,91.6,89.1,84.2,11.8,System stabilization complete
ING-0048,2025-01-27T23:00:00Z,58.14,completed,Category C,93.4,91.7,87.5,7.3,Day-end summary positive
ING-0049,2025-01-28T00:00:00Z,43.97,pending,Category A,87.1,84.8,78.3,17.9,Overnight processing initiated
ING-0050,2025-01-28T01:00:00Z,61.25,active,Category D,90.5,88.9,83.7,12.6,Automated operations active
ING-0051,2025-01-28T02:00:00Z,47.89,active,Category B,92.9,90.4,85.6,8.9,Low-traffic optimization
ING-0052,2025-01-28T03:00:00Z,54.53,completed,Category E,94.2,92.5,88.8,6.4,Batch processing complete
ING-0053,2025-01-28T04:00:00Z,38.17,pending,Category C,86.3,83.7,76.9,20.8,Scheduled task pending
ING-0054,2025-01-28T05:00:00Z,62.61,active,Category A,91.7,89.9,84.4,10.7,Early morning ramp-up
ING-0055,2025-01-28T06:00:00Z,46.48,error,Category D,81.9,78.2,71.5,73.2,Connectivity issue detected
ING-0056,2025-01-28T07:00:00Z,53.92,active,Category B,88.5,86.7,81.2,16.1,Connection restored
ING-0057,2025-01-28T08:00:00Z,42.36,completed,Category E,93.8,91.9,87.1,9.3,Full functionality confirmed
ING-0058,2025-01-28T09:00:00Z,59.74,active,Category C,90.2,88.3,83.5,11.9,Business hours commenced
ING-0059,2025-01-28T10:00:00Z,44.58,pending,Category A,87.6,85.1,78.7,18.4,High priority queue
ING-0060,2025-01-28T11:00:00Z,60.83,completed,Category D,94.7,92.9,88.4,5.8,Optimal processing achieved
ING-0061,2025-01-28T12:00:00Z,48.19,active,Category B,89.3,87.6,82.8,14.2,Lunch hour adjustments
ING-0062,2025-01-28T13:00:00Z,56.65,active,Category E,92.5,90.8,86.2,9.6,Post-lunch recovery
ING-0063,2025-01-28T14:00:00Z,39.41,pending,Category C,85.4,82.9,76.4,21.3,Afternoon queue building
ING-0064,2025-01-28T15:00:00Z,63.87,completed,Category A,95.1,93.3,89.6,5.2,Peak afternoon performance
ING-0065,2025-01-28T16:00:00Z,45.54,active,Category D,88.8,86.9,81.4,15.7,Late afternoon stability
ING-0066,2025-01-28T17:00:00Z,51.98,error,Category B,83.2,79.7,73.1,69.4,End-of-day anomaly check
ING-0067,2025-01-28T18:00:00Z,41.12,active,Category E,91.1,89.4,84.7,11.4,Evening transition smooth
ING-0068,2025-01-28T19:00:00Z,57.46,completed,Category C,93.6,91.8,87.9,7.8,Evening batch complete
ING-0069,2025-01-28T20:00:00Z,43.71,pending,Category A,86.9,84.3,77.8,19.2,Night shift preparation
ING-0070,2025-01-28T21:00:00Z,61.59,active,Category D,90.7,89.2,84.9,10.1,Night operations stable
ING-0071,2025-01-28T22:00:00Z,47.24,active,Category B,92.4,90.6,85.8,8.7,Overnight prep complete
ING-0072,2025-01-28T23:00:00Z,55.88,completed,Category E,94.3,92.1,88.3,6.9,Day summary generated
ING-0073,2025-01-29T00:00:00Z,38.92,pending,Category C,87.2,84.6,78.1,17.6,New cycle initiated
ING-0074,2025-01-29T01:00:00Z,62.35,active,Category A,91.5,89.7,84.2,12.3,Automated tasks running
ING-0075,2025-01-29T02:00:00Z,46.79,error,Category D,82.6,78.9,72.2,74.8,Scheduled maintenance alert
ING-0076,2025-01-29T03:00:00Z,54.17,active,Category B,89.8,87.3,82.6,13.8,Maintenance completed
ING-0077,2025-01-29T04:00:00Z,41.63,completed,Category E,93.1,91.3,86.5,9.9,System verification passed
ING-0078,2025-01-29T05:00:00Z,58.91,active,Category C,90.4,88.7,83.8,11.5,Early operations normal
ING-0079,2025-01-29T06:00:00Z,44.26,pending,Category A,86.7,84.2,77.5,20.1,Morning queue forming
ING-0080,2025-01-29T07:00:00Z,60.14,completed,Category D,94.9,93.2,89.1,5.6,Morning peak handled
ING-0081,2025-01-29T08:00:00Z,48.58,active,Category B,88.3,86.5,81.7,16.4,Standard operations
ING-0082,2025-01-29T09:00:00Z,57.22,active,Category E,92.7,91.1,86.4,8.2,High performance period
ING-0083,2025-01-29T10:00:00Z,39.76,pending,Category C,85.9,83.4,76.8,22.5,Processing backlog
ING-0084,2025-01-29T11:00:00Z,63.19,completed,Category A,95.4,93.7,89.8,4.3,Record throughput
ING-0085,2025-01-29T12:00:00Z,45.43,active,Category D,89.6,87.9,82.3,14.8,Midday baseline
ING-0086,2025-01-29T13:00:00Z,52.87,error,Category B,81.4,77.8,70.9,76.3,Configuration drift detected
ING-0087,2025-01-29T14:00:00Z,40.31,active,Category E,91.8,89.6,84.9,10.8,Auto-correction successful
ING-0088,2025-01-29T15:00:00Z,58.75,completed,Category C,93.3,91.5,87.2,7.5,Afternoon optimization
ING-0089,2025-01-29T16:00:00Z,43.19,pending,Category A,87.5,85.2,78.9,18.7,Late afternoon queue
ING-0090,2025-01-29T17:00:00Z,61.42,active,Category D,90.9,89.3,84.6,11.1,Evening prep started
ING-0091,2025-01-29T18:00:00Z,47.86,active,Category B,92.2,90.5,85.7,9.4,Evening stability good
ING-0092,2025-01-29T19:00:00Z,55.53,completed,Category E,94.6,92.8,88.9,6.2,Peak evening efficiency
ING-0093,2025-01-29T20:00:00Z,38.67,pending,Category C,86.8,84.1,77.3,21.9,Night shift handover
ING-0094,2025-01-29T21:00:00Z,62.94,active,Category A,91.3,89.5,84.8,12.7,Night operations active
ING-0095,2025-01-29T22:00:00Z,46.38,error,Category D,83.7,80.1,73.4,70.9,Minor alert triggered
ING-0096,2025-01-29T23:00:00Z,54.82,active,Category B,89.1,87.4,82.9,15.2,Alert resolved
ING-0097,2025-01-30T00:00:00Z,42.26,completed,Category E,93.9,92.3,87.6,8.8,Daily cycle complete
ING-0098,2025-01-30T01:00:00Z,59.54,active,Category C,90.6,88.8,84.1,11.3,New day operations
ING-0099,2025-01-30T02:00:00Z,44.91,pending,Category A,87.9,85.5,79.2,17.1,Final batch queued
ING-0100,2025-01-30T03:00:00Z,60.68,completed,Category D,95.2,93.5,89.3,5.9,100 rows processed successfully
